{
  "model_version": "v1.0",
  "timestamp": "2026-04-10T06:06:44.792Z",
  "accuracy": 1,
  "baseline": {
    "mae": 0,
    "mse": 0,
    "rmse": 0,
    "r2": 0
  },
  "rule": {
    "mae": 35,
    "mse": 1225,
    "rmse": 35,
    "r2": 0
  },
  "linear": {
    "mae": 191.83809523809524,
    "mse": 36801.8547845805,
    "rmse": 191.83809523809524,
    "r2": 0
  }
}