{
  "weights": {
    "keywordDensity": 0.3778012996528415,
    "actionVerbCount": 0.18679889905863367,
    "metricCount": 0.3243392838091592,
    "resumeLength": 0.168731730387361,
    "skillsCount": 0.3801643966720484,
    "hasContactInfo": 0.4344392592742635,
    "experienceYears": 0.20116361840779828,
    "seniorityLevel": 0.39906963444331767
  },
  "bias": 0,
  "version": "v1.0-logistic"
}