{
  "weights": {
    "keywordDensity": 0.4764787684920797,
    "actionVerbCount": 0.16443092046208352,
    "metricCount": 0.4519934208789821,
    "resumeLength": 0.42879905756871706,
    "skillsCount": 0.1645300632494182,
    "hasContactInfo": 0.37393273058353194,
    "experienceYears": 0.20816633148742703,
    "seniorityLevel": 0.3483138921933575
  },
  "bias": 0,
  "version": "v1.0-logistic"
}